time index;acc_x;acc_y;acc_z;gyr_x;gyr_y;gyr_z;mag_x;mag_y;mag_z
315;-9.622773;1.374586;0.168703;0.055658;-0.010917;0.145391;0.623346;-0.489491;0.005818
421;0.163493;9.524075;2.639542;-0.007122;0.016347;0.013263;-0.399859;-0.659048;-0.144303
