time index;acc_x;acc_y;acc_z;gyr_x;gyr_y;gyr_z;mag_x;mag_y;mag_z
1688;-9.533238;1.682544;0.297528;-0.001245;-0.003617;0.068198;0.601559;-0.511367;-0.002476
1789;-3.857341;8.725904;2.393869;-0.010703;0.017819;0.023301;-0.083736;-0.759698;-0.143553
