time index;acc_x;acc_y;acc_z;gyr_x;gyr_y;gyr_z;mag_x;mag_y;mag_z
1011;-9.563636;1.255462;-0.06677;0.022124;-0.037811;0.103238;0.629531;-0.478662;0.024108
1063;0.30566;9.611906;2.413086;-0.00526;0.024477;-0.003407;-0.409839;-0.655508;-0.11498
