unit;acc_x;acc_y;acc_z;gyr_x;gyr_y;gyr_z;mag_x;mag_y;mag_z
1;-9.675384;-1.665096;0.473116;-0.016972;0.022434;0.003591;0.588639;0.457257;-0.081429
2;-9.623113;1.271082;0.1158;0.042255;-0.01324;0.097955;0.6264;-0.485758;0.005508
3;-3.064462;9.331497;0.793814;0.015591;0.02436;-0.034621;-0.198003;-0.794563;-0.097777
4;9.09229;2.188632;2.760403;0.011163;0.017738;0.000838;-0.569081;0.001059;-0.54616
5;-4.256507;-7.644759;-4.423344;0.007093;0.002218;-0.008419;0.004022;0.733553;0.216855
